Páginas principales,Clics,Impresiones,CTR,Posición
https://chambaenusa.com/licencia-cosmetologia-texas/,35,4793,0.73%,8.28
https://chambaenusa.com/licencia-electricista-arizona/,18,695,2.59%,8.61
https://chambaenusa.com/licencia-electricista-pennsylvania/,15,790,1.9%,9.24
https://chambaenusa.com/licencia-cdl-california/,14,2679,0.52%,10.46
https://chambaenusa.com/licencia-electricista-new-york/,11,1490,0.74%,9.56
https://chambaenusa.com/licencia-electricista-texas/,9,1055,0.85%,11.8
https://chambaenusa.com/licencia-plomeria-california/,9,1009,0.89%,9.43
https://chambaenusa.com/licencia-hvac-new-york/,9,482,1.87%,8.15
https://chambaenusa.com/licencia-electricista-colorado/,9,449,2%,9.43
https://chambaenusa.com/licencia-electricista-nevada/,8,316,2.53%,7.71
https://chambaenusa.com/nfpa-70-manual-nec-2023-espanol/,7,127,5.51%,19.04
https://chambaenusa.com/licencia-electricista-georgia/,6,875,0.69%,9.05
https://chambaenusa.com/licencia-electricista-florida/,6,751,0.8%,9.98
https://chambaenusa.com/licencia-electricista-nuevo-mexico/,5,384,1.3%,7.58
https://chambaenusa.com/licencia-electricista-illinois/,5,272,1.84%,8.18
https://chambaenusa.com/licencia-electricista-washington/,4,557,0.72%,9.92
https://chambaenusa.com/licencia-electricista-minnesota/,4,196,2.04%,7.37
https://chambaenusa.com/licencia-hvac-texas/,3,377,0.8%,8.89
https://chambaenusa.com/licencia-electricista-oregon/,3,195,1.54%,8.47
https://chambaenusa.com/licencia-hvac-arizona/,3,87,3.45%,7.97
https://chambaenusa.com/manual-nec-2023-espanol/,2,31,6.45%,10.29
https://chambaenusa.com/agencias/texas-department-of-licensing-and-regulation-tdlr/,1,691,0.14%,9.94
https://chambaenusa.com/licencia-electricista-california/,1,635,0.16%,9.32
https://chambaenusa.com/oficio/electricista/,1,189,0.53%,11.18
https://chambaenusa.com/licencia-electricista-new-hampshire/,1,42,2.38%,56.48
https://chambaenusa.com/calculadora-licencias-oficiales-eua/,1,35,2.86%,4.94
https://chambaenusa.com/california/,1,33,3.03%,7.67
https://chambaenusa.com/florida/,1,11,9.09%,6.73
https://chambaenusa.com/osha-10/,1,5,20%,6.6
https://chambaenusa.com/licencia-hvac-florida/,0,234,0%,8.61
https://chambaenusa.com/licencia-hvac-california/,0,162,0%,9.89
https://chambaenusa.com/2025/09/05/que-es-la-certificacion-epa-608-y-por-que-es-obligatoria/,0,68,0%,11.78
https://chambaenusa.com/curso-pre-apprenticeship-electrico-miami-dade-college-florida/,0,56,0%,10.89
https://chambaenusa.com/agencias/california-contractors-state-license-board-cslb/,0,40,0%,8.82
https://chambaenusa.com/nec-2023-guia-electricistas-hispanos/,0,30,0%,7.37
https://chambaenusa.com/oficio/plomero/,0,26,0%,14.96
https://chambaenusa.com/,0,25,0%,2.64
https://chambaenusa.com/programa-aprendizaje-electrico-weca/,0,25,0%,11.84
https://chambaenusa.com/cursos-y-certificaciones/,0,24,0%,11.58
https://chambaenusa.com/electricistas/,0,20,0%,9.65
https://chambaenusa.com/apprentice-journeyman-electrician-master-electrician-electrical-contractor/,0,19,0%,29.89
https://chambaenusa.com/curso-pre-apprentice-electrical-de-skillpoint-alliance-texas/,0,18,0%,7.72
https://chambaenusa.com/recursos-hispanos/,0,18,0%,7.94
https://chambaenusa.com/weca-electrician-trainee-et-california/,0,16,0%,8.56
https://chambaenusa.com/certificados-de-competencia-journeyman-electrician-ee98j-je98-residential-er1j-lineman-el1j-contratista-electrico-ee98/,0,15,0%,7
https://chambaenusa.com/electrician-certification-general-01/,0,15,0%,18.67
https://chambaenusa.com/certified-electrical-contractor-ec-registered-electrical-contractor-er-specialty-contractors/,0,14,0%,56.5
https://chambaenusa.com/licencias-en-estados-unidos/,0,13,0%,12.62
https://chambaenusa.com/arizona/,0,12,0%,6.58
https://chambaenusa.com/new-york/,0,11,0%,8
https://chambaenusa.com/journeyman-y-master-electrician/,0,11,0%,8.36
https://chambaenusa.com/oficio/tecnico-hvac/,0,10,0%,9.1
https://chambaenusa.com/nyc-master-electrician-license-special-electrician-license/,0,9,0%,24.78
https://chambaenusa.com/recursos/,0,8,0%,6.88
https://chambaenusa.com/cr-11-electrical-c-11-electrical/,0,8,0%,7.5
https://chambaenusa.com/electrical-apprentice/,0,7,0%,8.86
https://chambaenusa.com/iec-dallas-preapprenticeship-eastfield-texas/,0,6,0%,7.33
https://chambaenusa.com/electrical-contractor-license/,0,5,0%,9.8
https://chambaenusa.com/hvac/,0,5,0%,10
https://chambaenusa.com/guias-de-estudio-en-espanol-del-cslb/,0,5,0%,10.6
https://chambaenusa.com/illinois/,0,4,0%,4
https://chambaenusa.com/utah/,0,4,0%,8.75
https://chambaenusa.com/tipo-licencia/journeyman/,0,3,0%,4.67
https://chambaenusa.com/electrical-contractor-class-i-restricted-class-ii-unrestricted/,0,3,0%,7.33
https://chambaenusa.com/simulador-examen-electricista-epa608/,0,3,0%,8
https://chambaenusa.com/registered-technician-certified-technician-contractor-acr/,0,3,0%,37
https://chambaenusa.com/licencias/,0,2,0%,1
https://chambaenusa.com/cursos/,0,2,0%,2
https://chambaenusa.com/estados-eua/,0,2,0%,3
https://chambaenusa.com/class-a-journeyworker-class-a-master-power-limited-technician-maintenance-electrician-lineman/,0,2,0%,4
https://chambaenusa.com/simulador-examen-journeyman-electrician-gratis-2025/,0,2,0%,5.5
https://chambaenusa.com/nuevo-mexico/,0,2,0%,6
https://chambaenusa.com/georgia/,0,2,0%,7
https://chambaenusa.com/pennsylvania/,0,2,0%,7.5
https://chambaenusa.com/nevada/,0,2,0%,9
https://chambaenusa.com/no-existe-licencia-estatal-hvac-epa-608-obligatorio-licencias-permits-locales/,0,2,0%,11.5
https://chambaenusa.com/electrical-safety-kit-espanol-ingles/,0,2,0%,22.5
https://chambaenusa.com/oficio/conductores-de-transporte/,0,1,0%,1
https://chambaenusa.com/oficio/page/2/,0,1,0%,4
https://chambaenusa.com/local-journeyman-local-master-segun-ciudad/,0,1,0%,5
https://chambaenusa.com/sample-page/,0,1,0%,5
https://chambaenusa.com/electrical-residential/,0,1,0%,6
https://chambaenusa.com/voice-data-video-05-contratista-c10-cslb/,0,1,0%,6
https://chambaenusa.com/colorado/,0,1,0%,7
https://chambaenusa.com/washington/,0,1,0%,7
https://chambaenusa.com/class-a-certified-contractor-class-b-certified-contractor-registered-a-b/,0,1,0%,11
https://chambaenusa.com/estado/texas/,0,1,0%,12
https://chambaenusa.com/ej-chicago/,0,1,0%,13
https://chambaenusa.com/tipo-licencia/master/,0,1,0%,20